{"accuracy": 99.59367945823928, "time_this_iter_s": 115.29199576377869, "done": false, "training_iteration": 1, "trial_id": "cf8c2_00070", "date": "2023-08-17_15-48-18", "timestamp": 1692287298, "time_total_s": 115.29199576377869, "pid": 47061, "hostname": "8df20753f71c", "node_ip": "172.28.0.12", "config": {"layers": 4, "heads": 4, "hidden_size": 768, "batch_size": 32, "dropout_rate": 0.1}, "time_since_restore": 115.29199576377869, "iterations_since_restore": 1}
{"accuracy": 100.0, "time_this_iter_s": 109.19635128974915, "done": false, "training_iteration": 2, "trial_id": "cf8c2_00070", "date": "2023-08-17_15-50-08", "timestamp": 1692287408, "time_total_s": 224.48834705352783, "pid": 47061, "hostname": "8df20753f71c", "node_ip": "172.28.0.12", "config": {"layers": 4, "heads": 4, "hidden_size": 768, "batch_size": 32, "dropout_rate": 0.1}, "time_since_restore": 224.48834705352783, "iterations_since_restore": 2}
