{"accuracy": 99.77426636568849, "time_this_iter_s": 107.31131529808044, "done": false, "training_iteration": 1, "trial_id": "cf8c2_00042", "date": "2023-08-17_14-46-45", "timestamp": 1692283605, "time_total_s": 107.31131529808044, "pid": 29425, "hostname": "8df20753f71c", "node_ip": "172.28.0.12", "config": {"layers": 4, "heads": 2, "hidden_size": 768, "batch_size": 96, "dropout_rate": 0.4}, "time_since_restore": 107.31131529808044, "iterations_since_restore": 1}
{"accuracy": 99.45823927765237, "time_this_iter_s": 101.91275596618652, "done": true, "training_iteration": 2, "trial_id": "cf8c2_00042", "date": "2023-08-17_14-48-27", "timestamp": 1692283707, "time_total_s": 209.22407126426697, "pid": 29425, "hostname": "8df20753f71c", "node_ip": "172.28.0.12", "config": {"layers": 4, "heads": 2, "hidden_size": 768, "batch_size": 96, "dropout_rate": 0.4}, "time_since_restore": 209.22407126426697, "iterations_since_restore": 2}
