{"accuracy": 99.63882618510158, "time_this_iter_s": 104.50145292282104, "done": false, "training_iteration": 1, "trial_id": "cf8c2_00021", "date": "2023-08-17_13-53-57", "timestamp": 1692280437, "time_total_s": 104.50145292282104, "pid": 14442, "hostname": "8df20753f71c", "node_ip": "172.28.0.12", "config": {"layers": 6, "heads": 2, "hidden_size": 512, "batch_size": 64, "dropout_rate": 0.2}, "time_since_restore": 104.50145292282104, "iterations_since_restore": 1}
{"accuracy": 99.90970654627539, "time_this_iter_s": 97.87697839736938, "done": true, "training_iteration": 2, "trial_id": "cf8c2_00021", "date": "2023-08-17_13-55-35", "timestamp": 1692280535, "time_total_s": 202.37843132019043, "pid": 14442, "hostname": "8df20753f71c", "node_ip": "172.28.0.12", "config": {"layers": 6, "heads": 2, "hidden_size": 512, "batch_size": 64, "dropout_rate": 0.2}, "time_since_restore": 202.37843132019043, "iterations_since_restore": 2}
