{"accuracy": 99.9548532731377, "time_this_iter_s": 38.616610288619995, "done": false, "training_iteration": 1, "trial_id": "cf8c2_00085", "date": "2023-08-17_16-17-24", "timestamp": 1692289044, "time_total_s": 38.616610288619995, "pid": 56045, "hostname": "8df20753f71c", "node_ip": "172.28.0.12", "config": {"layers": 2, "heads": 4, "hidden_size": 512, "batch_size": 32, "dropout_rate": 0.4}, "time_since_restore": 38.616610288619995, "iterations_since_restore": 1}
{"accuracy": 99.86455981941309, "time_this_iter_s": 33.26574158668518, "done": true, "training_iteration": 2, "trial_id": "cf8c2_00085", "date": "2023-08-17_16-17-57", "timestamp": 1692289077, "time_total_s": 71.88235187530518, "pid": 56045, "hostname": "8df20753f71c", "node_ip": "172.28.0.12", "config": {"layers": 2, "heads": 4, "hidden_size": 512, "batch_size": 32, "dropout_rate": 0.4}, "time_since_restore": 71.88235187530518, "iterations_since_restore": 2}
