{"accuracy": 99.9548532731377, "time_this_iter_s": 70.50845861434937, "done": false, "training_iteration": 1, "trial_id": "cf8c2_00067", "date": "2023-08-17_15-39-36", "timestamp": 1692286776, "time_total_s": 70.50845861434937, "pid": 44799, "hostname": "8df20753f71c", "node_ip": "172.28.0.12", "config": {"layers": 4, "heads": 4, "hidden_size": 512, "batch_size": 64, "dropout_rate": 0.1}, "time_since_restore": 70.50845861434937, "iterations_since_restore": 1}
{"accuracy": 99.9548532731377, "time_this_iter_s": 64.27003479003906, "done": false, "training_iteration": 2, "trial_id": "cf8c2_00067", "date": "2023-08-17_15-40-40", "timestamp": 1692286840, "time_total_s": 134.77849340438843, "pid": 44799, "hostname": "8df20753f71c", "node_ip": "172.28.0.12", "config": {"layers": 4, "heads": 4, "hidden_size": 512, "batch_size": 64, "dropout_rate": 0.1}, "time_since_restore": 134.77849340438843, "iterations_since_restore": 2}
{"accuracy": 99.9548532731377, "time_this_iter_s": 64.41548466682434, "done": false, "training_iteration": 3, "trial_id": "cf8c2_00067", "date": "2023-08-17_15-41-45", "timestamp": 1692286905, "time_total_s": 199.19397807121277, "pid": 44799, "hostname": "8df20753f71c", "node_ip": "172.28.0.12", "config": {"layers": 4, "heads": 4, "hidden_size": 512, "batch_size": 64, "dropout_rate": 0.1}, "time_since_restore": 199.19397807121277, "iterations_since_restore": 3}
{"accuracy": 99.41309255079007, "time_this_iter_s": 64.53923225402832, "done": true, "training_iteration": 4, "trial_id": "cf8c2_00067", "date": "2023-08-17_15-42-49", "timestamp": 1692286969, "time_total_s": 263.7332103252411, "pid": 44799, "hostname": "8df20753f71c", "node_ip": "172.28.0.12", "config": {"layers": 4, "heads": 4, "hidden_size": 512, "batch_size": 64, "dropout_rate": 0.1}, "time_since_restore": 263.7332103252411, "iterations_since_restore": 4}
