{"accuracy": 99.77426636568849, "time_this_iter_s": 70.09199357032776, "done": false, "training_iteration": 1, "trial_id": "cf8c2_00039", "date": "2023-08-17_14-40-52", "timestamp": 1692283252, "time_total_s": 70.09199357032776, "pid": 27892, "hostname": "8df20753f71c", "node_ip": "172.28.0.12", "config": {"layers": 4, "heads": 2, "hidden_size": 512, "batch_size": 64, "dropout_rate": 0.1}, "time_since_restore": 70.09199357032776, "iterations_since_restore": 1}
{"accuracy": 99.77426636568849, "time_this_iter_s": 64.01857304573059, "done": true, "training_iteration": 2, "trial_id": "cf8c2_00039", "date": "2023-08-17_14-41-56", "timestamp": 1692283316, "time_total_s": 134.11056661605835, "pid": 27892, "hostname": "8df20753f71c", "node_ip": "172.28.0.12", "config": {"layers": 4, "heads": 2, "hidden_size": 512, "batch_size": 64, "dropout_rate": 0.1}, "time_since_restore": 134.11056661605835, "iterations_since_restore": 2}
