{"accuracy": 99.9548532731377, "time_this_iter_s": 74.38925671577454, "done": false, "training_iteration": 1, "trial_id": "cf8c2_00100", "date": "2023-08-17_16-57-52", "timestamp": 1692291472, "time_total_s": 74.38925671577454, "pid": 67691, "hostname": "8df20753f71c", "node_ip": "172.28.0.12", "config": {"layers": 6, "heads": 4, "hidden_size": 256, "batch_size": 32, "dropout_rate": 0.4}, "time_since_restore": 74.38925671577454, "iterations_since_restore": 1}
{"accuracy": 99.9548532731377, "time_this_iter_s": 67.31084871292114, "done": false, "training_iteration": 2, "trial_id": "cf8c2_00100", "date": "2023-08-17_16-59-00", "timestamp": 1692291540, "time_total_s": 141.70010542869568, "pid": 67691, "hostname": "8df20753f71c", "node_ip": "172.28.0.12", "config": {"layers": 6, "heads": 4, "hidden_size": 256, "batch_size": 32, "dropout_rate": 0.4}, "time_since_restore": 141.70010542869568, "iterations_since_restore": 2}
{"accuracy": 99.86455981941309, "time_this_iter_s": 72.60260820388794, "done": false, "training_iteration": 3, "trial_id": "cf8c2_00100", "date": "2023-08-17_17-00-12", "timestamp": 1692291612, "time_total_s": 214.30271363258362, "pid": 67691, "hostname": "8df20753f71c", "node_ip": "172.28.0.12", "config": {"layers": 6, "heads": 4, "hidden_size": 256, "batch_size": 32, "dropout_rate": 0.4}, "time_since_restore": 214.30271363258362, "iterations_since_restore": 3}
{"accuracy": 99.72911963882618, "time_this_iter_s": 70.56251692771912, "done": true, "training_iteration": 4, "trial_id": "cf8c2_00100", "date": "2023-08-17_17-01-23", "timestamp": 1692291683, "time_total_s": 284.86523056030273, "pid": 67691, "hostname": "8df20753f71c", "node_ip": "172.28.0.12", "config": {"layers": 6, "heads": 4, "hidden_size": 256, "batch_size": 32, "dropout_rate": 0.4}, "time_since_restore": 284.86523056030273, "iterations_since_restore": 4}
