{"accuracy": 99.86455981941309, "time_this_iter_s": 40.426525831222534, "done": false, "training_iteration": 1, "trial_id": "cf8c2_00057", "date": "2023-08-17_15-20-03", "timestamp": 1692285603, "time_total_s": 40.426525831222534, "pid": 39141, "hostname": "8df20753f71c", "node_ip": "172.28.0.12", "config": {"layers": 2, "heads": 2, "hidden_size": 512, "batch_size": 32, "dropout_rate": 0.1}, "time_since_restore": 40.426525831222534, "iterations_since_restore": 1}
{"accuracy": 100.0, "time_this_iter_s": 32.636878967285156, "done": false, "training_iteration": 2, "trial_id": "cf8c2_00057", "date": "2023-08-17_15-20-36", "timestamp": 1692285636, "time_total_s": 73.06340479850769, "pid": 39141, "hostname": "8df20753f71c", "node_ip": "172.28.0.12", "config": {"layers": 2, "heads": 2, "hidden_size": 512, "batch_size": 32, "dropout_rate": 0.1}, "time_since_restore": 73.06340479850769, "iterations_since_restore": 2}
