{"accuracy": 99.9548532731377, "time_this_iter_s": 41.10177254676819, "done": false, "training_iteration": 1, "trial_id": "cf8c2_00059", "date": "2023-08-17_15-23-47", "timestamp": 1692285827, "time_total_s": 41.10177254676819, "pid": 40269, "hostname": "8df20753f71c", "node_ip": "172.28.0.12", "config": {"layers": 2, "heads": 8, "hidden_size": 512, "batch_size": 32, "dropout_rate": 0.1}, "time_since_restore": 41.10177254676819, "iterations_since_restore": 1}
{"accuracy": 99.9548532731377, "time_this_iter_s": 33.53473734855652, "done": false, "training_iteration": 2, "trial_id": "cf8c2_00059", "date": "2023-08-17_15-24-21", "timestamp": 1692285861, "time_total_s": 74.6365098953247, "pid": 40269, "hostname": "8df20753f71c", "node_ip": "172.28.0.12", "config": {"layers": 2, "heads": 8, "hidden_size": 512, "batch_size": 32, "dropout_rate": 0.1}, "time_since_restore": 74.6365098953247, "iterations_since_restore": 2}
{"accuracy": 100.0, "time_this_iter_s": 32.889063596725464, "done": false, "training_iteration": 3, "trial_id": "cf8c2_00059", "date": "2023-08-17_15-24-53", "timestamp": 1692285893, "time_total_s": 107.52557349205017, "pid": 40269, "hostname": "8df20753f71c", "node_ip": "172.28.0.12", "config": {"layers": 2, "heads": 8, "hidden_size": 512, "batch_size": 32, "dropout_rate": 0.1}, "time_since_restore": 107.52557349205017, "iterations_since_restore": 3}
