{"accuracy": 99.36794582392776, "time_this_iter_s": 31.814377069473267, "done": false, "training_iteration": 1, "trial_id": "cf8c2_00000", "date": "2023-08-17_13-13-49", "timestamp": 1692278029, "time_total_s": 31.814377069473267, "pid": 2867, "hostname": "8df20753f71c", "node_ip": "172.28.0.12", "config": {"layers": 2, "heads": 2, "hidden_size": 256, "batch_size": 64, "dropout_rate": 0.4}, "time_since_restore": 31.814377069473267, "iterations_since_restore": 1}
{"accuracy": 99.81941309255079, "time_this_iter_s": 17.11437153816223, "done": false, "training_iteration": 2, "trial_id": "cf8c2_00000", "date": "2023-08-17_13-14-06", "timestamp": 1692278046, "time_total_s": 48.9287486076355, "pid": 2867, "hostname": "8df20753f71c", "node_ip": "172.28.0.12", "config": {"layers": 2, "heads": 2, "hidden_size": 256, "batch_size": 64, "dropout_rate": 0.4}, "time_since_restore": 48.9287486076355, "iterations_since_restore": 2}
{"accuracy": 99.9548532731377, "time_this_iter_s": 16.62544894218445, "done": false, "training_iteration": 3, "trial_id": "cf8c2_00000", "date": "2023-08-17_13-14-22", "timestamp": 1692278062, "time_total_s": 65.55419754981995, "pid": 2867, "hostname": "8df20753f71c", "node_ip": "172.28.0.12", "config": {"layers": 2, "heads": 2, "hidden_size": 256, "batch_size": 64, "dropout_rate": 0.4}, "time_since_restore": 65.55419754981995, "iterations_since_restore": 3}
{"accuracy": 99.86455981941309, "time_this_iter_s": 16.484209299087524, "done": true, "training_iteration": 4, "trial_id": "cf8c2_00000", "date": "2023-08-17_13-14-39", "timestamp": 1692278079, "time_total_s": 82.03840684890747, "pid": 2867, "hostname": "8df20753f71c", "node_ip": "172.28.0.12", "config": {"layers": 2, "heads": 2, "hidden_size": 256, "batch_size": 64, "dropout_rate": 0.4}, "time_since_restore": 82.03840684890747, "iterations_since_restore": 4}
