{"accuracy": 99.90970654627539, "time_this_iter_s": 23.70456886291504, "done": false, "training_iteration": 1, "trial_id": "cf8c2_00002", "date": "2023-08-17_13-16-29", "timestamp": 1692278189, "time_total_s": 23.70456886291504, "pid": 3830, "hostname": "8df20753f71c", "node_ip": "172.28.0.12", "config": {"layers": 2, "heads": 8, "hidden_size": 256, "batch_size": 64, "dropout_rate": 0.1}, "time_since_restore": 23.70456886291504, "iterations_since_restore": 1}
{"accuracy": 99.9548532731377, "time_this_iter_s": 17.537172317504883, "done": false, "training_iteration": 2, "trial_id": "cf8c2_00002", "date": "2023-08-17_13-16-47", "timestamp": 1692278207, "time_total_s": 41.24174118041992, "pid": 3830, "hostname": "8df20753f71c", "node_ip": "172.28.0.12", "config": {"layers": 2, "heads": 8, "hidden_size": 256, "batch_size": 64, "dropout_rate": 0.1}, "time_since_restore": 41.24174118041992, "iterations_since_restore": 2}
{"accuracy": 99.86455981941309, "time_this_iter_s": 17.451908111572266, "done": false, "training_iteration": 3, "trial_id": "cf8c2_00002", "date": "2023-08-17_13-17-04", "timestamp": 1692278224, "time_total_s": 58.69364929199219, "pid": 3830, "hostname": "8df20753f71c", "node_ip": "172.28.0.12", "config": {"layers": 2, "heads": 8, "hidden_size": 256, "batch_size": 64, "dropout_rate": 0.1}, "time_since_restore": 58.69364929199219, "iterations_since_restore": 3}
{"accuracy": 100.0, "time_this_iter_s": 17.262206315994263, "done": true, "training_iteration": 4, "trial_id": "cf8c2_00002", "date": "2023-08-17_13-17-21", "timestamp": 1692278241, "time_total_s": 75.95585560798645, "pid": 3830, "hostname": "8df20753f71c", "node_ip": "172.28.0.12", "config": {"layers": 2, "heads": 8, "hidden_size": 256, "batch_size": 64, "dropout_rate": 0.1}, "time_since_restore": 75.95585560798645, "iterations_since_restore": 4}
