{"accuracy": 99.68397291196388, "time_this_iter_s": 112.69104075431824, "done": false, "training_iteration": 1, "trial_id": "cf8c2_00097", "date": "2023-08-17_16-47-41", "timestamp": 1692290861, "time_total_s": 112.69104075431824, "pid": 64659, "hostname": "8df20753f71c", "node_ip": "172.28.0.12", "config": {"layers": 4, "heads": 4, "hidden_size": 768, "batch_size": 64, "dropout_rate": 0.2}, "time_since_restore": 112.69104075431824, "iterations_since_restore": 1}
{"accuracy": 99.9548532731377, "time_this_iter_s": 104.81507873535156, "done": false, "training_iteration": 2, "trial_id": "cf8c2_00097", "date": "2023-08-17_16-49-26", "timestamp": 1692290966, "time_total_s": 217.5061194896698, "pid": 64659, "hostname": "8df20753f71c", "node_ip": "172.28.0.12", "config": {"layers": 4, "heads": 4, "hidden_size": 768, "batch_size": 64, "dropout_rate": 0.2}, "time_since_restore": 217.5061194896698, "iterations_since_restore": 2}
{"accuracy": 99.86455981941309, "time_this_iter_s": 104.50140452384949, "done": false, "training_iteration": 3, "trial_id": "cf8c2_00097", "date": "2023-08-17_16-51-10", "timestamp": 1692291070, "time_total_s": 322.0075240135193, "pid": 64659, "hostname": "8df20753f71c", "node_ip": "172.28.0.12", "config": {"layers": 4, "heads": 4, "hidden_size": 768, "batch_size": 64, "dropout_rate": 0.2}, "time_since_restore": 322.0075240135193, "iterations_since_restore": 3}
{"accuracy": 99.9548532731377, "time_this_iter_s": 104.36846661567688, "done": true, "training_iteration": 4, "trial_id": "cf8c2_00097", "date": "2023-08-17_16-52-55", "timestamp": 1692291175, "time_total_s": 426.37599062919617, "pid": 64659, "hostname": "8df20753f71c", "node_ip": "172.28.0.12", "config": {"layers": 4, "heads": 4, "hidden_size": 768, "batch_size": 64, "dropout_rate": 0.2}, "time_since_restore": 426.37599062919617, "iterations_since_restore": 4}
