{"accuracy": 99.9548532731377, "time_this_iter_s": 58.654077768325806, "done": false, "training_iteration": 1, "trial_id": "cf8c2_00034", "date": "2023-08-17_14-31-51", "timestamp": 1692282711, "time_total_s": 58.654077768325806, "pid": 25272, "hostname": "8df20753f71c", "node_ip": "172.28.0.12", "config": {"layers": 2, "heads": 4, "hidden_size": 768, "batch_size": 32, "dropout_rate": 0.4}, "time_since_restore": 58.654077768325806, "iterations_since_restore": 1}
{"accuracy": 99.9548532731377, "time_this_iter_s": 52.16593527793884, "done": false, "training_iteration": 2, "trial_id": "cf8c2_00034", "date": "2023-08-17_14-32-43", "timestamp": 1692282763, "time_total_s": 110.82001304626465, "pid": 25272, "hostname": "8df20753f71c", "node_ip": "172.28.0.12", "config": {"layers": 2, "heads": 4, "hidden_size": 768, "batch_size": 32, "dropout_rate": 0.4}, "time_since_restore": 110.82001304626465, "iterations_since_restore": 2}
{"accuracy": 99.9548532731377, "time_this_iter_s": 53.15766930580139, "done": false, "training_iteration": 3, "trial_id": "cf8c2_00034", "date": "2023-08-17_14-33-36", "timestamp": 1692282816, "time_total_s": 163.97768235206604, "pid": 25272, "hostname": "8df20753f71c", "node_ip": "172.28.0.12", "config": {"layers": 2, "heads": 4, "hidden_size": 768, "batch_size": 32, "dropout_rate": 0.4}, "time_since_restore": 163.97768235206604, "iterations_since_restore": 3}
{"accuracy": 100.0, "time_this_iter_s": 52.69741487503052, "done": true, "training_iteration": 4, "trial_id": "cf8c2_00034", "date": "2023-08-17_14-34-29", "timestamp": 1692282869, "time_total_s": 216.67509722709656, "pid": 25272, "hostname": "8df20753f71c", "node_ip": "172.28.0.12", "config": {"layers": 2, "heads": 4, "hidden_size": 768, "batch_size": 32, "dropout_rate": 0.4}, "time_since_restore": 216.67509722709656, "iterations_since_restore": 4}
