{"accuracy": 99.9548532731377, "time_this_iter_s": 37.27995300292969, "done": false, "training_iteration": 1, "trial_id": "cf8c2_00031", "date": "2023-08-17_14-27-12", "timestamp": 1692282432, "time_total_s": 37.27995300292969, "pid": 23936, "hostname": "8df20753f71c", "node_ip": "172.28.0.12", "config": {"layers": 2, "heads": 4, "hidden_size": 512, "batch_size": 32, "dropout_rate": 0.4}, "time_since_restore": 37.27995300292969, "iterations_since_restore": 1}
{"accuracy": 99.9548532731377, "time_this_iter_s": 33.42433285713196, "done": false, "training_iteration": 2, "trial_id": "cf8c2_00031", "date": "2023-08-17_14-27-45", "timestamp": 1692282465, "time_total_s": 70.70428586006165, "pid": 23936, "hostname": "8df20753f71c", "node_ip": "172.28.0.12", "config": {"layers": 2, "heads": 4, "hidden_size": 512, "batch_size": 32, "dropout_rate": 0.4}, "time_since_restore": 70.70428586006165, "iterations_since_restore": 2}
{"accuracy": 99.86455981941309, "time_this_iter_s": 32.50551748275757, "done": false, "training_iteration": 3, "trial_id": "cf8c2_00031", "date": "2023-08-17_14-28-18", "timestamp": 1692282498, "time_total_s": 103.20980334281921, "pid": 23936, "hostname": "8df20753f71c", "node_ip": "172.28.0.12", "config": {"layers": 2, "heads": 4, "hidden_size": 512, "batch_size": 32, "dropout_rate": 0.4}, "time_since_restore": 103.20980334281921, "iterations_since_restore": 3}
{"accuracy": 99.9548532731377, "time_this_iter_s": 32.47012519836426, "done": true, "training_iteration": 4, "trial_id": "cf8c2_00031", "date": "2023-08-17_14-28-50", "timestamp": 1692282530, "time_total_s": 135.67992854118347, "pid": 23936, "hostname": "8df20753f71c", "node_ip": "172.28.0.12", "config": {"layers": 2, "heads": 4, "hidden_size": 512, "batch_size": 32, "dropout_rate": 0.4}, "time_since_restore": 135.67992854118347, "iterations_since_restore": 4}
