{"accuracy": 99.81941309255079, "time_this_iter_s": 25.68736171722412, "done": false, "training_iteration": 1, "trial_id": "cf8c2_00029", "date": "2023-08-17_14-24-17", "timestamp": 1692282257, "time_total_s": 25.68736171722412, "pid": 23064, "hostname": "8df20753f71c", "node_ip": "172.28.0.12", "config": {"layers": 2, "heads": 8, "hidden_size": 256, "batch_size": 32, "dropout_rate": 0.2}, "time_since_restore": 25.68736171722412, "iterations_since_restore": 1}
{"accuracy": 99.9548532731377, "time_this_iter_s": 22.389119863510132, "done": false, "training_iteration": 2, "trial_id": "cf8c2_00029", "date": "2023-08-17_14-24-40", "timestamp": 1692282280, "time_total_s": 48.07648158073425, "pid": 23064, "hostname": "8df20753f71c", "node_ip": "172.28.0.12", "config": {"layers": 2, "heads": 8, "hidden_size": 256, "batch_size": 32, "dropout_rate": 0.2}, "time_since_restore": 48.07648158073425, "iterations_since_restore": 2}
{"accuracy": 100.0, "time_this_iter_s": 22.456605434417725, "done": false, "training_iteration": 3, "trial_id": "cf8c2_00029", "date": "2023-08-17_14-25-02", "timestamp": 1692282302, "time_total_s": 70.53308701515198, "pid": 23064, "hostname": "8df20753f71c", "node_ip": "172.28.0.12", "config": {"layers": 2, "heads": 8, "hidden_size": 256, "batch_size": 32, "dropout_rate": 0.2}, "time_since_restore": 70.53308701515198, "iterations_since_restore": 3}
