{"accuracy": 99.81941309255079, "time_this_iter_s": 73.62560772895813, "done": false, "training_iteration": 1, "trial_id": "cf8c2_00012", "date": "2023-08-17_13-33-29", "timestamp": 1692279209, "time_total_s": 73.62560772895813, "pid": 8796, "hostname": "8df20753f71c", "node_ip": "172.28.0.12", "config": {"layers": 4, "heads": 2, "hidden_size": 512, "batch_size": 32, "dropout_rate": 0.2}, "time_since_restore": 73.62560772895813, "iterations_since_restore": 1}
{"accuracy": 99.86455981941309, "time_this_iter_s": 67.66884422302246, "done": true, "training_iteration": 2, "trial_id": "cf8c2_00012", "date": "2023-08-17_13-34-36", "timestamp": 1692279276, "time_total_s": 141.2944519519806, "pid": 8796, "hostname": "8df20753f71c", "node_ip": "172.28.0.12", "config": {"layers": 4, "heads": 2, "hidden_size": 512, "batch_size": 32, "dropout_rate": 0.2}, "time_since_restore": 141.2944519519806, "iterations_since_restore": 2}
