{"accuracy": 99.72911963882618, "time_this_iter_s": 41.23714590072632, "done": false, "training_iteration": 1, "trial_id": "cf8c2_00086", "date": "2023-08-17_16-18-51", "timestamp": 1692289131, "time_total_s": 41.23714590072632, "pid": 56487, "hostname": "8df20753f71c", "node_ip": "172.28.0.12", "config": {"layers": 2, "heads": 8, "hidden_size": 512, "batch_size": 32, "dropout_rate": 0.4}, "time_since_restore": 41.23714590072632, "iterations_since_restore": 1}
{"accuracy": 99.9548532731377, "time_this_iter_s": 34.51652121543884, "done": false, "training_iteration": 2, "trial_id": "cf8c2_00086", "date": "2023-08-17_16-19-25", "timestamp": 1692289165, "time_total_s": 75.75366711616516, "pid": 56487, "hostname": "8df20753f71c", "node_ip": "172.28.0.12", "config": {"layers": 2, "heads": 8, "hidden_size": 512, "batch_size": 32, "dropout_rate": 0.4}, "time_since_restore": 75.75366711616516, "iterations_since_restore": 2}
{"accuracy": 100.0, "time_this_iter_s": 33.28813028335571, "done": false, "training_iteration": 3, "trial_id": "cf8c2_00086", "date": "2023-08-17_16-19-58", "timestamp": 1692289198, "time_total_s": 109.04179739952087, "pid": 56487, "hostname": "8df20753f71c", "node_ip": "172.28.0.12", "config": {"layers": 2, "heads": 8, "hidden_size": 512, "batch_size": 32, "dropout_rate": 0.4}, "time_since_restore": 109.04179739952087, "iterations_since_restore": 3}
