{"accuracy": 99.68397291196388, "time_this_iter_s": 58.38352417945862, "done": false, "training_iteration": 1, "trial_id": "cf8c2_00035", "date": "2023-08-17_14-35-36", "timestamp": 1692282936, "time_total_s": 58.38352417945862, "pid": 26332, "hostname": "8df20753f71c", "node_ip": "172.28.0.12", "config": {"layers": 2, "heads": 8, "hidden_size": 768, "batch_size": 64, "dropout_rate": 0.4}, "time_since_restore": 58.38352417945862, "iterations_since_restore": 1}
{"accuracy": 99.63882618510158, "time_this_iter_s": 49.879393339157104, "done": true, "training_iteration": 2, "trial_id": "cf8c2_00035", "date": "2023-08-17_14-36-26", "timestamp": 1692282986, "time_total_s": 108.26291751861572, "pid": 26332, "hostname": "8df20753f71c", "node_ip": "172.28.0.12", "config": {"layers": 2, "heads": 8, "hidden_size": 768, "batch_size": 64, "dropout_rate": 0.4}, "time_since_restore": 108.26291751861572, "iterations_since_restore": 2}
