{"accuracy": 99.81941309255079, "time_this_iter_s": 75.60754084587097, "done": false, "training_iteration": 1, "trial_id": "cf8c2_00093", "date": "2023-08-17_16-35-39", "timestamp": 1692290139, "time_total_s": 75.60754084587097, "pid": 61373, "hostname": "8df20753f71c", "node_ip": "172.28.0.12", "config": {"layers": 4, "heads": 2, "hidden_size": 512, "batch_size": 32, "dropout_rate": 0.1}, "time_since_restore": 75.60754084587097, "iterations_since_restore": 1}
{"accuracy": 99.9548532731377, "time_this_iter_s": 71.47547221183777, "done": false, "training_iteration": 2, "trial_id": "cf8c2_00093", "date": "2023-08-17_16-36-51", "timestamp": 1692290211, "time_total_s": 147.08301305770874, "pid": 61373, "hostname": "8df20753f71c", "node_ip": "172.28.0.12", "config": {"layers": 4, "heads": 2, "hidden_size": 512, "batch_size": 32, "dropout_rate": 0.1}, "time_since_restore": 147.08301305770874, "iterations_since_restore": 2}
{"accuracy": 99.9548532731377, "time_this_iter_s": 68.17246770858765, "done": false, "training_iteration": 3, "trial_id": "cf8c2_00093", "date": "2023-08-17_16-37-59", "timestamp": 1692290279, "time_total_s": 215.2554807662964, "pid": 61373, "hostname": "8df20753f71c", "node_ip": "172.28.0.12", "config": {"layers": 4, "heads": 2, "hidden_size": 512, "batch_size": 32, "dropout_rate": 0.1}, "time_since_restore": 215.2554807662964, "iterations_since_restore": 3}
{"accuracy": 99.9548532731377, "time_this_iter_s": 68.10195469856262, "done": true, "training_iteration": 4, "trial_id": "cf8c2_00093", "date": "2023-08-17_16-39-07", "timestamp": 1692290347, "time_total_s": 283.357435464859, "pid": 61373, "hostname": "8df20753f71c", "node_ip": "172.28.0.12", "config": {"layers": 4, "heads": 2, "hidden_size": 512, "batch_size": 32, "dropout_rate": 0.1}, "time_since_restore": 283.357435464859, "iterations_since_restore": 4}
