{"accuracy": 99.9548532731377, "time_this_iter_s": 59.31905198097229, "done": false, "training_iteration": 1, "trial_id": "cf8c2_00088", "date": "2023-08-17_16-24-59", "timestamp": 1692289499, "time_total_s": 59.31905198097229, "pid": 58231, "hostname": "8df20753f71c", "node_ip": "172.28.0.12", "config": {"layers": 2, "heads": 4, "hidden_size": 768, "batch_size": 32, "dropout_rate": 0.4}, "time_since_restore": 59.31905198097229, "iterations_since_restore": 1}
{"accuracy": 99.50338600451467, "time_this_iter_s": 52.39109992980957, "done": true, "training_iteration": 2, "trial_id": "cf8c2_00088", "date": "2023-08-17_16-25-52", "timestamp": 1692289552, "time_total_s": 111.71015191078186, "pid": 58231, "hostname": "8df20753f71c", "node_ip": "172.28.0.12", "config": {"layers": 2, "heads": 4, "hidden_size": 768, "batch_size": 32, "dropout_rate": 0.4}, "time_since_restore": 111.71015191078186, "iterations_since_restore": 2}
