{"accuracy": 99.59367945823928, "time_this_iter_s": 35.687753677368164, "done": false, "training_iteration": 1, "trial_id": "cf8c2_00084", "date": "2023-08-17_16-16-05", "timestamp": 1692288965, "time_total_s": 35.687753677368164, "pid": 55623, "hostname": "8df20753f71c", "node_ip": "172.28.0.12", "config": {"layers": 2, "heads": 2, "hidden_size": 512, "batch_size": 64, "dropout_rate": 0.2}, "time_since_restore": 35.687753677368164, "iterations_since_restore": 1}
{"accuracy": 99.86455981941309, "time_this_iter_s": 31.108559608459473, "done": true, "training_iteration": 2, "trial_id": "cf8c2_00084", "date": "2023-08-17_16-16-36", "timestamp": 1692288996, "time_total_s": 66.79631328582764, "pid": 55623, "hostname": "8df20753f71c", "node_ip": "172.28.0.12", "config": {"layers": 2, "heads": 2, "hidden_size": 512, "batch_size": 64, "dropout_rate": 0.2}, "time_since_restore": 66.79631328582764, "iterations_since_restore": 2}
