{"accuracy": 99.81941309255079, "time_this_iter_s": 25.99669098854065, "done": false, "training_iteration": 1, "trial_id": "cf8c2_00001", "date": "2023-08-17_13-15-14", "timestamp": 1692278114, "time_total_s": 25.99669098854065, "pid": 3384, "hostname": "8df20753f71c", "node_ip": "172.28.0.12", "config": {"layers": 2, "heads": 4, "hidden_size": 256, "batch_size": 32, "dropout_rate": 0.4}, "time_since_restore": 25.99669098854065, "iterations_since_restore": 1}
{"accuracy": 99.81941309255079, "time_this_iter_s": 21.78205895423889, "done": false, "training_iteration": 2, "trial_id": "cf8c2_00001", "date": "2023-08-17_13-15-36", "timestamp": 1692278136, "time_total_s": 47.77874994277954, "pid": 3384, "hostname": "8df20753f71c", "node_ip": "172.28.0.12", "config": {"layers": 2, "heads": 4, "hidden_size": 256, "batch_size": 32, "dropout_rate": 0.4}, "time_since_restore": 47.77874994277954, "iterations_since_restore": 2}
{"accuracy": 100.0, "time_this_iter_s": 20.840977430343628, "done": false, "training_iteration": 3, "trial_id": "cf8c2_00001", "date": "2023-08-17_13-15-57", "timestamp": 1692278157, "time_total_s": 68.61972737312317, "pid": 3384, "hostname": "8df20753f71c", "node_ip": "172.28.0.12", "config": {"layers": 2, "heads": 4, "hidden_size": 256, "batch_size": 32, "dropout_rate": 0.4}, "time_since_restore": 68.61972737312317, "iterations_since_restore": 3}
