{"accuracy": 99.77426636568849, "time_this_iter_s": 35.32705616950989, "done": false, "training_iteration": 1, "trial_id": "cf8c2_00058", "date": "2023-08-17_15-21-22", "timestamp": 1692285682, "time_total_s": 35.32705616950989, "pid": 39569, "hostname": "8df20753f71c", "node_ip": "172.28.0.12", "config": {"layers": 2, "heads": 4, "hidden_size": 512, "batch_size": 96, "dropout_rate": 0.1}, "time_since_restore": 35.32705616950989, "iterations_since_restore": 1}
{"accuracy": 99.9548532731377, "time_this_iter_s": 31.632350206375122, "done": false, "training_iteration": 2, "trial_id": "cf8c2_00058", "date": "2023-08-17_15-21-53", "timestamp": 1692285713, "time_total_s": 66.95940637588501, "pid": 39569, "hostname": "8df20753f71c", "node_ip": "172.28.0.12", "config": {"layers": 2, "heads": 4, "hidden_size": 512, "batch_size": 96, "dropout_rate": 0.1}, "time_since_restore": 66.95940637588501, "iterations_since_restore": 2}
{"accuracy": 99.9548532731377, "time_this_iter_s": 30.16991400718689, "done": false, "training_iteration": 3, "trial_id": "cf8c2_00058", "date": "2023-08-17_15-22-23", "timestamp": 1692285743, "time_total_s": 97.1293203830719, "pid": 39569, "hostname": "8df20753f71c", "node_ip": "172.28.0.12", "config": {"layers": 2, "heads": 4, "hidden_size": 512, "batch_size": 96, "dropout_rate": 0.1}, "time_since_restore": 97.1293203830719, "iterations_since_restore": 3}
{"accuracy": 99.9548532731377, "time_this_iter_s": 30.687092065811157, "done": true, "training_iteration": 4, "trial_id": "cf8c2_00058", "date": "2023-08-17_15-22-54", "timestamp": 1692285774, "time_total_s": 127.81641244888306, "pid": 39569, "hostname": "8df20753f71c", "node_ip": "172.28.0.12", "config": {"layers": 2, "heads": 4, "hidden_size": 512, "batch_size": 96, "dropout_rate": 0.1}, "time_since_restore": 127.81641244888306, "iterations_since_restore": 4}
