{"accuracy": 99.63882618510158, "time_this_iter_s": 175.95647835731506, "done": false, "training_iteration": 1, "trial_id": "cf8c2_00026", "date": "2023-08-17_14-19-00", "timestamp": 1692281940, "time_total_s": 175.95647835731506, "pid": 20818, "hostname": "8df20753f71c", "node_ip": "172.28.0.12", "config": {"layers": 6, "heads": 8, "hidden_size": 768, "batch_size": 32, "dropout_rate": 0.4}, "time_since_restore": 175.95647835731506, "iterations_since_restore": 1}
{"accuracy": 99.14221218961626, "time_this_iter_s": 167.68596076965332, "done": true, "training_iteration": 2, "trial_id": "cf8c2_00026", "date": "2023-08-17_14-21-47", "timestamp": 1692282107, "time_total_s": 343.6424391269684, "pid": 20818, "hostname": "8df20753f71c", "node_ip": "172.28.0.12", "config": {"layers": 6, "heads": 8, "hidden_size": 768, "batch_size": 32, "dropout_rate": 0.4}, "time_since_restore": 343.6424391269684, "iterations_since_restore": 2}
