{"accuracy": 99.63882618510158, "time_this_iter_s": 166.84678554534912, "done": false, "training_iteration": 1, "trial_id": "cf8c2_00025", "date": "2023-08-17_14-10-37", "timestamp": 1692281437, "time_total_s": 166.84678554534912, "pid": 18690, "hostname": "8df20753f71c", "node_ip": "172.28.0.12", "config": {"layers": 6, "heads": 4, "hidden_size": 768, "batch_size": 64, "dropout_rate": 0.1}, "time_since_restore": 166.84678554534912, "iterations_since_restore": 1}
{"accuracy": 99.9548532731377, "time_this_iter_s": 159.28929448127747, "done": false, "training_iteration": 2, "trial_id": "cf8c2_00025", "date": "2023-08-17_14-13-16", "timestamp": 1692281596, "time_total_s": 326.1360800266266, "pid": 18690, "hostname": "8df20753f71c", "node_ip": "172.28.0.12", "config": {"layers": 6, "heads": 4, "hidden_size": 768, "batch_size": 64, "dropout_rate": 0.1}, "time_since_restore": 326.1360800266266, "iterations_since_restore": 2}
{"accuracy": 100.0, "time_this_iter_s": 158.92726802825928, "done": false, "training_iteration": 3, "trial_id": "cf8c2_00025", "date": "2023-08-17_14-15-55", "timestamp": 1692281755, "time_total_s": 485.06334805488586, "pid": 18690, "hostname": "8df20753f71c", "node_ip": "172.28.0.12", "config": {"layers": 6, "heads": 4, "hidden_size": 768, "batch_size": 64, "dropout_rate": 0.1}, "time_since_restore": 485.06334805488586, "iterations_since_restore": 3}
