{"accuracy": 99.9548532731377, "time_this_iter_s": 53.02924585342407, "done": false, "training_iteration": 1, "trial_id": "cf8c2_00091", "date": "2023-08-17_16-30-36", "timestamp": 1692289836, "time_total_s": 53.02924585342407, "pid": 59973, "hostname": "8df20753f71c", "node_ip": "172.28.0.12", "config": {"layers": 4, "heads": 4, "hidden_size": 256, "batch_size": 32, "dropout_rate": 0.2}, "time_since_restore": 53.02924585342407, "iterations_since_restore": 1}
{"accuracy": 99.9548532731377, "time_this_iter_s": 56.07795572280884, "done": false, "training_iteration": 2, "trial_id": "cf8c2_00091", "date": "2023-08-17_16-31-33", "timestamp": 1692289893, "time_total_s": 109.10720157623291, "pid": 59973, "hostname": "8df20753f71c", "node_ip": "172.28.0.12", "config": {"layers": 4, "heads": 4, "hidden_size": 256, "batch_size": 32, "dropout_rate": 0.2}, "time_since_restore": 109.10720157623291, "iterations_since_restore": 2}
{"accuracy": 99.9548532731377, "time_this_iter_s": 47.499003410339355, "done": false, "training_iteration": 3, "trial_id": "cf8c2_00091", "date": "2023-08-17_16-32-20", "timestamp": 1692289940, "time_total_s": 156.60620498657227, "pid": 59973, "hostname": "8df20753f71c", "node_ip": "172.28.0.12", "config": {"layers": 4, "heads": 4, "hidden_size": 256, "batch_size": 32, "dropout_rate": 0.2}, "time_since_restore": 156.60620498657227, "iterations_since_restore": 3}
{"accuracy": 99.9548532731377, "time_this_iter_s": 48.43159222602844, "done": true, "training_iteration": 4, "trial_id": "cf8c2_00091", "date": "2023-08-17_16-33-08", "timestamp": 1692289988, "time_total_s": 205.0377972126007, "pid": 59973, "hostname": "8df20753f71c", "node_ip": "172.28.0.12", "config": {"layers": 4, "heads": 4, "hidden_size": 256, "batch_size": 32, "dropout_rate": 0.2}, "time_since_restore": 205.0377972126007, "iterations_since_restore": 4}
