{"accuracy": 99.81941309255079, "time_this_iter_s": 74.51321649551392, "done": false, "training_iteration": 1, "trial_id": "cf8c2_00013", "date": "2023-08-17_13-35-59", "timestamp": 1692279359, "time_total_s": 74.51321649551392, "pid": 9506, "hostname": "8df20753f71c", "node_ip": "172.28.0.12", "config": {"layers": 4, "heads": 4, "hidden_size": 512, "batch_size": 32, "dropout_rate": 0.4}, "time_since_restore": 74.51321649551392, "iterations_since_restore": 1}
{"accuracy": 100.0, "time_this_iter_s": 67.67785286903381, "done": false, "training_iteration": 2, "trial_id": "cf8c2_00013", "date": "2023-08-17_13-37-07", "timestamp": 1692279427, "time_total_s": 142.19106936454773, "pid": 9506, "hostname": "8df20753f71c", "node_ip": "172.28.0.12", "config": {"layers": 4, "heads": 4, "hidden_size": 512, "batch_size": 32, "dropout_rate": 0.4}, "time_since_restore": 142.19106936454773, "iterations_since_restore": 2}
