{"accuracy": 99.72911963882618, "time_this_iter_s": 58.79925870895386, "done": false, "training_iteration": 1, "trial_id": "cf8c2_00087", "date": "2023-08-17_16-21-09", "timestamp": 1692289269, "time_total_s": 58.79925870895386, "pid": 57117, "hostname": "8df20753f71c", "node_ip": "172.28.0.12", "config": {"layers": 2, "heads": 2, "hidden_size": 768, "batch_size": 32, "dropout_rate": 0.4}, "time_since_restore": 58.79925870895386, "iterations_since_restore": 1}
{"accuracy": 99.9548532731377, "time_this_iter_s": 52.20886468887329, "done": false, "training_iteration": 2, "trial_id": "cf8c2_00087", "date": "2023-08-17_16-22-01", "timestamp": 1692289321, "time_total_s": 111.00812339782715, "pid": 57117, "hostname": "8df20753f71c", "node_ip": "172.28.0.12", "config": {"layers": 2, "heads": 2, "hidden_size": 768, "batch_size": 32, "dropout_rate": 0.4}, "time_since_restore": 111.00812339782715, "iterations_since_restore": 2}
{"accuracy": 99.86455981941309, "time_this_iter_s": 53.877443075180054, "done": false, "training_iteration": 3, "trial_id": "cf8c2_00087", "date": "2023-08-17_16-22-55", "timestamp": 1692289375, "time_total_s": 164.8855664730072, "pid": 57117, "hostname": "8df20753f71c", "node_ip": "172.28.0.12", "config": {"layers": 2, "heads": 2, "hidden_size": 768, "batch_size": 32, "dropout_rate": 0.4}, "time_since_restore": 164.8855664730072, "iterations_since_restore": 3}
{"accuracy": 100.0, "time_this_iter_s": 53.32821989059448, "done": true, "training_iteration": 4, "trial_id": "cf8c2_00087", "date": "2023-08-17_16-23-48", "timestamp": 1692289428, "time_total_s": 218.21378636360168, "pid": 57117, "hostname": "8df20753f71c", "node_ip": "172.28.0.12", "config": {"layers": 2, "heads": 2, "hidden_size": 768, "batch_size": 32, "dropout_rate": 0.4}, "time_since_restore": 218.21378636360168, "iterations_since_restore": 4}
