{"accuracy": 99.72911963882618, "time_this_iter_s": 73.16310358047485, "done": false, "training_iteration": 1, "trial_id": "cf8c2_00066", "date": "2023-08-17_15-37-05", "timestamp": 1692286625, "time_total_s": 73.16310358047485, "pid": 44075, "hostname": "8df20753f71c", "node_ip": "172.28.0.12", "config": {"layers": 4, "heads": 2, "hidden_size": 512, "batch_size": 32, "dropout_rate": 0.1}, "time_since_restore": 73.16310358047485, "iterations_since_restore": 1}
{"accuracy": 99.86455981941309, "time_this_iter_s": 68.41536784172058, "done": true, "training_iteration": 2, "trial_id": "cf8c2_00066", "date": "2023-08-17_15-38-13", "timestamp": 1692286693, "time_total_s": 141.57847142219543, "pid": 44075, "hostname": "8df20753f71c", "node_ip": "172.28.0.12", "config": {"layers": 4, "heads": 2, "hidden_size": 512, "batch_size": 32, "dropout_rate": 0.1}, "time_since_restore": 141.57847142219543, "iterations_since_restore": 2}
