{"accuracy": 99.72911963882618, "time_this_iter_s": 55.174110651016235, "done": false, "training_iteration": 1, "trial_id": "cf8c2_00060", "date": "2023-08-17_15-26-00", "timestamp": 1692285960, "time_total_s": 55.174110651016235, "pid": 40877, "hostname": "8df20753f71c", "node_ip": "172.28.0.12", "config": {"layers": 2, "heads": 2, "hidden_size": 768, "batch_size": 96, "dropout_rate": 0.2}, "time_since_restore": 55.174110651016235, "iterations_since_restore": 1}
{"accuracy": 99.9548532731377, "time_this_iter_s": 48.41635608673096, "done": false, "training_iteration": 2, "trial_id": "cf8c2_00060", "date": "2023-08-17_15-26-48", "timestamp": 1692286008, "time_total_s": 103.59046673774719, "pid": 40877, "hostname": "8df20753f71c", "node_ip": "172.28.0.12", "config": {"layers": 2, "heads": 2, "hidden_size": 768, "batch_size": 96, "dropout_rate": 0.2}, "time_since_restore": 103.59046673774719, "iterations_since_restore": 2}
{"accuracy": 99.86455981941309, "time_this_iter_s": 49.20430111885071, "done": false, "training_iteration": 3, "trial_id": "cf8c2_00060", "date": "2023-08-17_15-27-37", "timestamp": 1692286057, "time_total_s": 152.7947678565979, "pid": 40877, "hostname": "8df20753f71c", "node_ip": "172.28.0.12", "config": {"layers": 2, "heads": 2, "hidden_size": 768, "batch_size": 96, "dropout_rate": 0.2}, "time_since_restore": 152.7947678565979, "iterations_since_restore": 3}
{"accuracy": 99.9548532731377, "time_this_iter_s": 48.99228286743164, "done": true, "training_iteration": 4, "trial_id": "cf8c2_00060", "date": "2023-08-17_15-28-26", "timestamp": 1692286106, "time_total_s": 201.78705072402954, "pid": 40877, "hostname": "8df20753f71c", "node_ip": "172.28.0.12", "config": {"layers": 2, "heads": 2, "hidden_size": 768, "batch_size": 96, "dropout_rate": 0.2}, "time_since_restore": 201.78705072402954, "iterations_since_restore": 4}
