{"accuracy": 99.9548532731377, "time_this_iter_s": 39.3043417930603, "done": false, "training_iteration": 1, "trial_id": "cf8c2_00030", "date": "2023-08-17_14-25-50", "timestamp": 1692282350, "time_total_s": 39.3043417930603, "pid": 23518, "hostname": "8df20753f71c", "node_ip": "172.28.0.12", "config": {"layers": 2, "heads": 2, "hidden_size": 512, "batch_size": 32, "dropout_rate": 0.2}, "time_since_restore": 39.3043417930603, "iterations_since_restore": 1}
{"accuracy": 99.72911963882618, "time_this_iter_s": 32.89182996749878, "done": true, "training_iteration": 2, "trial_id": "cf8c2_00030", "date": "2023-08-17_14-26-23", "timestamp": 1692282383, "time_total_s": 72.19617176055908, "pid": 23518, "hostname": "8df20753f71c", "node_ip": "172.28.0.12", "config": {"layers": 2, "heads": 2, "hidden_size": 512, "batch_size": 32, "dropout_rate": 0.2}, "time_since_restore": 72.19617176055908, "iterations_since_restore": 2}
