{"accuracy": 99.9548532731377, "time_this_iter_s": 36.37241816520691, "done": false, "training_iteration": 1, "trial_id": "cf8c2_00005", "date": "2023-08-17_13-19-38", "timestamp": 1692278378, "time_total_s": 36.37241816520691, "pid": 4840, "hostname": "8df20753f71c", "node_ip": "172.28.0.12", "config": {"layers": 2, "heads": 8, "hidden_size": 512, "batch_size": 96, "dropout_rate": 0.2}, "time_since_restore": 36.37241816520691, "iterations_since_restore": 1}
{"accuracy": 99.9548532731377, "time_this_iter_s": 31.330838203430176, "done": false, "training_iteration": 2, "trial_id": "cf8c2_00005", "date": "2023-08-17_13-20-10", "timestamp": 1692278410, "time_total_s": 67.70325636863708, "pid": 4840, "hostname": "8df20753f71c", "node_ip": "172.28.0.12", "config": {"layers": 2, "heads": 8, "hidden_size": 512, "batch_size": 96, "dropout_rate": 0.2}, "time_since_restore": 67.70325636863708, "iterations_since_restore": 2}
{"accuracy": 99.86455981941309, "time_this_iter_s": 30.76514959335327, "done": false, "training_iteration": 3, "trial_id": "cf8c2_00005", "date": "2023-08-17_13-20-41", "timestamp": 1692278441, "time_total_s": 98.46840596199036, "pid": 4840, "hostname": "8df20753f71c", "node_ip": "172.28.0.12", "config": {"layers": 2, "heads": 8, "hidden_size": 512, "batch_size": 96, "dropout_rate": 0.2}, "time_since_restore": 98.46840596199036, "iterations_since_restore": 3}
{"accuracy": 99.9548532731377, "time_this_iter_s": 31.01128840446472, "done": true, "training_iteration": 4, "trial_id": "cf8c2_00005", "date": "2023-08-17_13-21-12", "timestamp": 1692278472, "time_total_s": 129.47969436645508, "pid": 4840, "hostname": "8df20753f71c", "node_ip": "172.28.0.12", "config": {"layers": 2, "heads": 8, "hidden_size": 512, "batch_size": 96, "dropout_rate": 0.2}, "time_since_restore": 129.47969436645508, "iterations_since_restore": 4}
