{"accuracy": 99.9548532731377, "time_this_iter_s": 52.60765361785889, "done": false, "training_iteration": 1, "trial_id": "cf8c2_00009", "date": "2023-08-17_13-26-24", "timestamp": 1692278784, "time_total_s": 52.60765361785889, "pid": 6802, "hostname": "8df20753f71c", "node_ip": "172.28.0.12", "config": {"layers": 4, "heads": 2, "hidden_size": 256, "batch_size": 32, "dropout_rate": 0.1}, "time_since_restore": 52.60765361785889, "iterations_since_restore": 1}
{"accuracy": 99.9548532731377, "time_this_iter_s": 44.573036909103394, "done": false, "training_iteration": 2, "trial_id": "cf8c2_00009", "date": "2023-08-17_13-27-08", "timestamp": 1692278828, "time_total_s": 97.18069052696228, "pid": 6802, "hostname": "8df20753f71c", "node_ip": "172.28.0.12", "config": {"layers": 4, "heads": 2, "hidden_size": 256, "batch_size": 32, "dropout_rate": 0.1}, "time_since_restore": 97.18069052696228, "iterations_since_restore": 2}
{"accuracy": 99.81941309255079, "time_this_iter_s": 44.451295614242554, "done": false, "training_iteration": 3, "trial_id": "cf8c2_00009", "date": "2023-08-17_13-27-53", "timestamp": 1692278873, "time_total_s": 141.63198614120483, "pid": 6802, "hostname": "8df20753f71c", "node_ip": "172.28.0.12", "config": {"layers": 4, "heads": 2, "hidden_size": 256, "batch_size": 32, "dropout_rate": 0.1}, "time_since_restore": 141.63198614120483, "iterations_since_restore": 3}
{"accuracy": 99.9548532731377, "time_this_iter_s": 45.03302884101868, "done": true, "training_iteration": 4, "trial_id": "cf8c2_00009", "date": "2023-08-17_13-28-38", "timestamp": 1692278918, "time_total_s": 186.6650149822235, "pid": 6802, "hostname": "8df20753f71c", "node_ip": "172.28.0.12", "config": {"layers": 4, "heads": 2, "hidden_size": 256, "batch_size": 32, "dropout_rate": 0.1}, "time_since_restore": 186.6650149822235, "iterations_since_restore": 4}
