{"accuracy": 99.90970654627539, "time_this_iter_s": 33.5747389793396, "done": false, "training_iteration": 1, "trial_id": "cf8c2_00083", "date": "2023-08-17_16-14-08", "timestamp": 1692288848, "time_total_s": 33.5747389793396, "pid": 55007, "hostname": "8df20753f71c", "node_ip": "172.28.0.12", "config": {"layers": 2, "heads": 8, "hidden_size": 256, "batch_size": 32, "dropout_rate": 0.1}, "time_since_restore": 33.5747389793396, "iterations_since_restore": 1}
{"accuracy": 99.9548532731377, "time_this_iter_s": 21.932154893875122, "done": false, "training_iteration": 2, "trial_id": "cf8c2_00083", "date": "2023-08-17_16-14-30", "timestamp": 1692288870, "time_total_s": 55.50689387321472, "pid": 55007, "hostname": "8df20753f71c", "node_ip": "172.28.0.12", "config": {"layers": 2, "heads": 8, "hidden_size": 256, "batch_size": 32, "dropout_rate": 0.1}, "time_since_restore": 55.50689387321472, "iterations_since_restore": 2}
{"accuracy": 99.86455981941309, "time_this_iter_s": 23.299633979797363, "done": false, "training_iteration": 3, "trial_id": "cf8c2_00083", "date": "2023-08-17_16-14-53", "timestamp": 1692288893, "time_total_s": 78.80652785301208, "pid": 55007, "hostname": "8df20753f71c", "node_ip": "172.28.0.12", "config": {"layers": 2, "heads": 8, "hidden_size": 256, "batch_size": 32, "dropout_rate": 0.1}, "time_since_restore": 78.80652785301208, "iterations_since_restore": 3}
{"accuracy": 100.0, "time_this_iter_s": 25.15451693534851, "done": true, "training_iteration": 4, "trial_id": "cf8c2_00083", "date": "2023-08-17_16-15-18", "timestamp": 1692288918, "time_total_s": 103.9610447883606, "pid": 55007, "hostname": "8df20753f71c", "node_ip": "172.28.0.12", "config": {"layers": 2, "heads": 8, "hidden_size": 256, "batch_size": 32, "dropout_rate": 0.1}, "time_since_restore": 103.9610447883606, "iterations_since_restore": 4}
