{"accuracy": 99.86455981941309, "time_this_iter_s": 109.31366515159607, "done": false, "training_iteration": 1, "trial_id": "cf8c2_00023", "date": "2023-08-17_13-59-33", "timestamp": 1692280773, "time_total_s": 109.31366515159607, "pid": 15994, "hostname": "8df20753f71c", "node_ip": "172.28.0.12", "config": {"layers": 6, "heads": 8, "hidden_size": 512, "batch_size": 32, "dropout_rate": 0.1}, "time_since_restore": 109.31366515159607, "iterations_since_restore": 1}
{"accuracy": 99.9548532731377, "time_this_iter_s": 104.18494844436646, "done": false, "training_iteration": 2, "trial_id": "cf8c2_00023", "date": "2023-08-17_14-01-17", "timestamp": 1692280877, "time_total_s": 213.49861359596252, "pid": 15994, "hostname": "8df20753f71c", "node_ip": "172.28.0.12", "config": {"layers": 6, "heads": 8, "hidden_size": 512, "batch_size": 32, "dropout_rate": 0.1}, "time_since_restore": 213.49861359596252, "iterations_since_restore": 2}
{"accuracy": 99.86455981941309, "time_this_iter_s": 103.84737277030945, "done": false, "training_iteration": 3, "trial_id": "cf8c2_00023", "date": "2023-08-17_14-03-01", "timestamp": 1692280981, "time_total_s": 317.345986366272, "pid": 15994, "hostname": "8df20753f71c", "node_ip": "172.28.0.12", "config": {"layers": 6, "heads": 8, "hidden_size": 512, "batch_size": 32, "dropout_rate": 0.1}, "time_since_restore": 317.345986366272, "iterations_since_restore": 3}
{"accuracy": 99.9548532731377, "time_this_iter_s": 104.41685104370117, "done": true, "training_iteration": 4, "trial_id": "cf8c2_00023", "date": "2023-08-17_14-04-46", "timestamp": 1692281086, "time_total_s": 421.76283740997314, "pid": 15994, "hostname": "8df20753f71c", "node_ip": "172.28.0.12", "config": {"layers": 6, "heads": 8, "hidden_size": 512, "batch_size": 32, "dropout_rate": 0.1}, "time_since_restore": 421.76283740997314, "iterations_since_restore": 4}
