{"accuracy": 99.77426636568849, "time_this_iter_s": 56.803356409072876, "done": false, "training_iteration": 1, "trial_id": "cf8c2_00008", "date": "2023-08-17_13-24-32", "timestamp": 1692278672, "time_total_s": 56.803356409072876, "pid": 6236, "hostname": "8df20753f71c", "node_ip": "172.28.0.12", "config": {"layers": 2, "heads": 8, "hidden_size": 768, "batch_size": 64, "dropout_rate": 0.4}, "time_since_restore": 56.803356409072876, "iterations_since_restore": 1}
{"accuracy": 99.86455981941309, "time_this_iter_s": 49.729032039642334, "done": true, "training_iteration": 2, "trial_id": "cf8c2_00008", "date": "2023-08-17_13-25-22", "timestamp": 1692278722, "time_total_s": 106.53238844871521, "pid": 6236, "hostname": "8df20753f71c", "node_ip": "172.28.0.12", "config": {"layers": 2, "heads": 8, "hidden_size": 768, "batch_size": 64, "dropout_rate": 0.4}, "time_since_restore": 106.53238844871521, "iterations_since_restore": 2}
