{"accuracy": 99.81941309255079, "time_this_iter_s": 107.39482927322388, "done": false, "training_iteration": 1, "trial_id": "cf8c2_00104", "date": "2023-08-17_17-13-18", "timestamp": 1692292398, "time_total_s": 107.39482927322388, "pid": 71995, "hostname": "8df20753f71c", "node_ip": "172.28.0.12", "config": {"layers": 6, "heads": 8, "hidden_size": 512, "batch_size": 64, "dropout_rate": 0.1}, "time_since_restore": 107.39482927322388, "iterations_since_restore": 1}
{"accuracy": 99.86455981941309, "time_this_iter_s": 99.84120917320251, "done": true, "training_iteration": 2, "trial_id": "cf8c2_00104", "date": "2023-08-17_17-14-58", "timestamp": 1692292498, "time_total_s": 207.2360384464264, "pid": 71995, "hostname": "8df20753f71c", "node_ip": "172.28.0.12", "config": {"layers": 6, "heads": 8, "hidden_size": 512, "batch_size": 64, "dropout_rate": 0.1}, "time_since_restore": 207.2360384464264, "iterations_since_restore": 2}
