{"accuracy": 99.77426636568849, "time_this_iter_s": 113.56422162055969, "done": false, "training_iteration": 1, "trial_id": "cf8c2_00017", "date": "2023-08-17_13-44-39", "timestamp": 1692279879, "time_total_s": 113.56422162055969, "pid": 11800, "hostname": "8df20753f71c", "node_ip": "172.28.0.12", "config": {"layers": 4, "heads": 8, "hidden_size": 768, "batch_size": 64, "dropout_rate": 0.2}, "time_since_restore": 113.56422162055969, "iterations_since_restore": 1}
{"accuracy": 99.9548532731377, "time_this_iter_s": 105.18882942199707, "done": false, "training_iteration": 2, "trial_id": "cf8c2_00017", "date": "2023-08-17_13-46-24", "timestamp": 1692279984, "time_total_s": 218.75305104255676, "pid": 11800, "hostname": "8df20753f71c", "node_ip": "172.28.0.12", "config": {"layers": 4, "heads": 8, "hidden_size": 768, "batch_size": 64, "dropout_rate": 0.2}, "time_since_restore": 218.75305104255676, "iterations_since_restore": 2}
{"accuracy": 100.0, "time_this_iter_s": 104.94876289367676, "done": false, "training_iteration": 3, "trial_id": "cf8c2_00017", "date": "2023-08-17_13-48-09", "timestamp": 1692280089, "time_total_s": 323.7018139362335, "pid": 11800, "hostname": "8df20753f71c", "node_ip": "172.28.0.12", "config": {"layers": 4, "heads": 8, "hidden_size": 768, "batch_size": 64, "dropout_rate": 0.2}, "time_since_restore": 323.7018139362335, "iterations_since_restore": 3}
