{"accuracy": 99.81941309255079, "time_this_iter_s": 22.2389817237854, "done": false, "training_iteration": 1, "trial_id": "cf8c2_00082", "date": "2023-08-17_16-12-32", "timestamp": 1692288752, "time_total_s": 22.2389817237854, "pid": 54507, "hostname": "8df20753f71c", "node_ip": "172.28.0.12", "config": {"layers": 2, "heads": 4, "hidden_size": 256, "batch_size": 64, "dropout_rate": 0.2}, "time_since_restore": 22.2389817237854, "iterations_since_restore": 1}
{"accuracy": 99.9548532731377, "time_this_iter_s": 17.34118151664734, "done": false, "training_iteration": 2, "trial_id": "cf8c2_00082", "date": "2023-08-17_16-12-50", "timestamp": 1692288770, "time_total_s": 39.58016324043274, "pid": 54507, "hostname": "8df20753f71c", "node_ip": "172.28.0.12", "config": {"layers": 2, "heads": 4, "hidden_size": 256, "batch_size": 64, "dropout_rate": 0.2}, "time_since_restore": 39.58016324043274, "iterations_since_restore": 2}
{"accuracy": 99.9548532731377, "time_this_iter_s": 17.966896295547485, "done": false, "training_iteration": 3, "trial_id": "cf8c2_00082", "date": "2023-08-17_16-13-08", "timestamp": 1692288788, "time_total_s": 57.547059535980225, "pid": 54507, "hostname": "8df20753f71c", "node_ip": "172.28.0.12", "config": {"layers": 2, "heads": 4, "hidden_size": 256, "batch_size": 64, "dropout_rate": 0.2}, "time_since_restore": 57.547059535980225, "iterations_since_restore": 3}
{"accuracy": 99.86455981941309, "time_this_iter_s": 17.497089862823486, "done": true, "training_iteration": 4, "trial_id": "cf8c2_00082", "date": "2023-08-17_16-13-25", "timestamp": 1692288805, "time_total_s": 75.04414939880371, "pid": 54507, "hostname": "8df20753f71c", "node_ip": "172.28.0.12", "config": {"layers": 2, "heads": 4, "hidden_size": 256, "batch_size": 64, "dropout_rate": 0.2}, "time_since_restore": 75.04414939880371, "iterations_since_restore": 4}
