{"accuracy": 99.68397291196388, "time_this_iter_s": 112.385005235672, "done": false, "training_iteration": 1, "trial_id": "cf8c2_00096", "date": "2023-08-17_16-43-56", "timestamp": 1692290636, "time_total_s": 112.385005235672, "pid": 63607, "hostname": "8df20753f71c", "node_ip": "172.28.0.12", "config": {"layers": 4, "heads": 2, "hidden_size": 768, "batch_size": 64, "dropout_rate": 0.2}, "time_since_restore": 112.385005235672, "iterations_since_restore": 1}
{"accuracy": 99.63882618510158, "time_this_iter_s": 103.84975671768188, "done": true, "training_iteration": 2, "trial_id": "cf8c2_00096", "date": "2023-08-17_16-45-39", "timestamp": 1692290739, "time_total_s": 216.23476195335388, "pid": 63607, "hostname": "8df20753f71c", "node_ip": "172.28.0.12", "config": {"layers": 4, "heads": 2, "hidden_size": 768, "batch_size": 64, "dropout_rate": 0.2}, "time_since_restore": 216.23476195335388, "iterations_since_restore": 2}
