{"accuracy": 99.90970654627539, "time_this_iter_s": 40.25810241699219, "done": false, "training_iteration": 1, "trial_id": "cf8c2_00036", "date": "2023-08-17_14-37-18", "timestamp": 1692283038, "time_total_s": 40.25810241699219, "pid": 26906, "hostname": "8df20753f71c", "node_ip": "172.28.0.12", "config": {"layers": 4, "heads": 2, "hidden_size": 256, "batch_size": 64, "dropout_rate": 0.4}, "time_since_restore": 40.25810241699219, "iterations_since_restore": 1}
{"accuracy": 98.1941309255079, "time_this_iter_s": 34.1013400554657, "done": true, "training_iteration": 2, "trial_id": "cf8c2_00036", "date": "2023-08-17_14-37-53", "timestamp": 1692283073, "time_total_s": 74.35944247245789, "pid": 26906, "hostname": "8df20753f71c", "node_ip": "172.28.0.12", "config": {"layers": 4, "heads": 2, "hidden_size": 256, "batch_size": 64, "dropout_rate": 0.4}, "time_since_restore": 74.35944247245789, "iterations_since_restore": 2}
