{"accuracy": 99.77426636568849, "time_this_iter_s": 55.951842069625854, "done": false, "training_iteration": 1, "trial_id": "cf8c2_00062", "date": "2023-08-17_15-30-38", "timestamp": 1692286238, "time_total_s": 55.951842069625854, "pid": 42215, "hostname": "8df20753f71c", "node_ip": "172.28.0.12", "config": {"layers": 2, "heads": 8, "hidden_size": 768, "batch_size": 64, "dropout_rate": 0.2}, "time_since_restore": 55.951842069625854, "iterations_since_restore": 1}
{"accuracy": 99.9548532731377, "time_this_iter_s": 49.96104979515076, "done": false, "training_iteration": 2, "trial_id": "cf8c2_00062", "date": "2023-08-17_15-31-28", "timestamp": 1692286288, "time_total_s": 105.91289186477661, "pid": 42215, "hostname": "8df20753f71c", "node_ip": "172.28.0.12", "config": {"layers": 2, "heads": 8, "hidden_size": 768, "batch_size": 64, "dropout_rate": 0.2}, "time_since_restore": 105.91289186477661, "iterations_since_restore": 2}
{"accuracy": 99.86455981941309, "time_this_iter_s": 50.60696029663086, "done": false, "training_iteration": 3, "trial_id": "cf8c2_00062", "date": "2023-08-17_15-32-19", "timestamp": 1692286339, "time_total_s": 156.51985216140747, "pid": 42215, "hostname": "8df20753f71c", "node_ip": "172.28.0.12", "config": {"layers": 2, "heads": 8, "hidden_size": 768, "batch_size": 64, "dropout_rate": 0.2}, "time_since_restore": 156.51985216140747, "iterations_since_restore": 3}
{"accuracy": 100.0, "time_this_iter_s": 50.60437870025635, "done": true, "training_iteration": 4, "trial_id": "cf8c2_00062", "date": "2023-08-17_15-33-09", "timestamp": 1692286389, "time_total_s": 207.12423086166382, "pid": 42215, "hostname": "8df20753f71c", "node_ip": "172.28.0.12", "config": {"layers": 2, "heads": 8, "hidden_size": 768, "batch_size": 64, "dropout_rate": 0.2}, "time_since_restore": 207.12423086166382, "iterations_since_restore": 4}
