{"accuracy": 99.63882618510158, "time_this_iter_s": 21.971795797348022, "done": false, "training_iteration": 1, "trial_id": "cf8c2_00027", "date": "2023-08-17_14-22-20", "timestamp": 1692282140, "time_total_s": 21.971795797348022, "pid": 22392, "hostname": "8df20753f71c", "node_ip": "172.28.0.12", "config": {"layers": 2, "heads": 2, "hidden_size": 256, "batch_size": 64, "dropout_rate": 0.4}, "time_since_restore": 21.971795797348022, "iterations_since_restore": 1}
{"accuracy": 99.9548532731377, "time_this_iter_s": 16.838544130325317, "done": false, "training_iteration": 2, "trial_id": "cf8c2_00027", "date": "2023-08-17_14-22-36", "timestamp": 1692282156, "time_total_s": 38.81033992767334, "pid": 22392, "hostname": "8df20753f71c", "node_ip": "172.28.0.12", "config": {"layers": 2, "heads": 2, "hidden_size": 256, "batch_size": 64, "dropout_rate": 0.4}, "time_since_restore": 38.81033992767334, "iterations_since_restore": 2}
{"accuracy": 99.90970654627539, "time_this_iter_s": 16.8976411819458, "done": false, "training_iteration": 3, "trial_id": "cf8c2_00027", "date": "2023-08-17_14-22-53", "timestamp": 1692282173, "time_total_s": 55.70798110961914, "pid": 22392, "hostname": "8df20753f71c", "node_ip": "172.28.0.12", "config": {"layers": 2, "heads": 2, "hidden_size": 256, "batch_size": 64, "dropout_rate": 0.4}, "time_since_restore": 55.70798110961914, "iterations_since_restore": 3}
{"accuracy": 99.9548532731377, "time_this_iter_s": 17.400864124298096, "done": true, "training_iteration": 4, "trial_id": "cf8c2_00027", "date": "2023-08-17_14-23-11", "timestamp": 1692282191, "time_total_s": 73.10884523391724, "pid": 22392, "hostname": "8df20753f71c", "node_ip": "172.28.0.12", "config": {"layers": 2, "heads": 2, "hidden_size": 256, "batch_size": 64, "dropout_rate": 0.4}, "time_since_restore": 73.10884523391724, "iterations_since_restore": 4}
