{"accuracy": 99.9548532731377, "time_this_iter_s": 30.430652618408203, "done": false, "training_iteration": 1, "trial_id": "cf8c2_00055", "date": "2023-08-17_15-18-21", "timestamp": 1692285501, "time_total_s": 30.430652618408203, "pid": 38591, "hostname": "8df20753f71c", "node_ip": "172.28.0.12", "config": {"layers": 2, "heads": 4, "hidden_size": 256, "batch_size": 32, "dropout_rate": 0.1}, "time_since_restore": 30.430652618408203, "iterations_since_restore": 1}
{"accuracy": 99.86455981941309, "time_this_iter_s": 20.861403942108154, "done": true, "training_iteration": 2, "trial_id": "cf8c2_00055", "date": "2023-08-17_15-18-42", "timestamp": 1692285522, "time_total_s": 51.29205656051636, "pid": 38591, "hostname": "8df20753f71c", "node_ip": "172.28.0.12", "config": {"layers": 2, "heads": 4, "hidden_size": 256, "batch_size": 32, "dropout_rate": 0.1}, "time_since_restore": 51.29205656051636, "iterations_since_restore": 2}
