{"accuracy": 99.86455981941309, "time_this_iter_s": 56.86088562011719, "done": false, "training_iteration": 1, "trial_id": "cf8c2_00089", "date": "2023-08-17_16-27-03", "timestamp": 1692289623, "time_total_s": 56.86088562011719, "pid": 58845, "hostname": "8df20753f71c", "node_ip": "172.28.0.12", "config": {"layers": 2, "heads": 8, "hidden_size": 768, "batch_size": 64, "dropout_rate": 0.1}, "time_since_restore": 56.86088562011719, "iterations_since_restore": 1}
{"accuracy": 99.9548532731377, "time_this_iter_s": 49.9335572719574, "done": false, "training_iteration": 2, "trial_id": "cf8c2_00089", "date": "2023-08-17_16-27-52", "timestamp": 1692289672, "time_total_s": 106.79444289207458, "pid": 58845, "hostname": "8df20753f71c", "node_ip": "172.28.0.12", "config": {"layers": 2, "heads": 8, "hidden_size": 768, "batch_size": 64, "dropout_rate": 0.1}, "time_since_restore": 106.79444289207458, "iterations_since_restore": 2}
{"accuracy": 100.0, "time_this_iter_s": 50.62744212150574, "done": false, "training_iteration": 3, "trial_id": "cf8c2_00089", "date": "2023-08-17_16-28-43", "timestamp": 1692289723, "time_total_s": 157.42188501358032, "pid": 58845, "hostname": "8df20753f71c", "node_ip": "172.28.0.12", "config": {"layers": 2, "heads": 8, "hidden_size": 768, "batch_size": 64, "dropout_rate": 0.1}, "time_since_restore": 157.42188501358032, "iterations_since_restore": 3}
