{"accuracy": 99.72911963882618, "time_this_iter_s": 40.577521562576294, "done": false, "training_iteration": 1, "trial_id": "cf8c2_00011", "date": "2023-08-17_13-30-17", "timestamp": 1692279017, "time_total_s": 40.577521562576294, "pid": 8006, "hostname": "8df20753f71c", "node_ip": "172.28.0.12", "config": {"layers": 4, "heads": 8, "hidden_size": 256, "batch_size": 64, "dropout_rate": 0.2}, "time_since_restore": 40.577521562576294, "iterations_since_restore": 1}
{"accuracy": 99.9548532731377, "time_this_iter_s": 36.48198413848877, "done": false, "training_iteration": 2, "trial_id": "cf8c2_00011", "date": "2023-08-17_13-30-53", "timestamp": 1692279053, "time_total_s": 77.05950570106506, "pid": 8006, "hostname": "8df20753f71c", "node_ip": "172.28.0.12", "config": {"layers": 4, "heads": 8, "hidden_size": 256, "batch_size": 64, "dropout_rate": 0.2}, "time_since_restore": 77.05950570106506, "iterations_since_restore": 2}
{"accuracy": 99.9548532731377, "time_this_iter_s": 35.69521975517273, "done": false, "training_iteration": 3, "trial_id": "cf8c2_00011", "date": "2023-08-17_13-31-29", "timestamp": 1692279089, "time_total_s": 112.7547254562378, "pid": 8006, "hostname": "8df20753f71c", "node_ip": "172.28.0.12", "config": {"layers": 4, "heads": 8, "hidden_size": 256, "batch_size": 64, "dropout_rate": 0.2}, "time_since_restore": 112.7547254562378, "iterations_since_restore": 3}
{"accuracy": 99.9548532731377, "time_this_iter_s": 35.50419640541077, "done": true, "training_iteration": 4, "trial_id": "cf8c2_00011", "date": "2023-08-17_13-32-05", "timestamp": 1692279125, "time_total_s": 148.25892186164856, "pid": 8006, "hostname": "8df20753f71c", "node_ip": "172.28.0.12", "config": {"layers": 4, "heads": 8, "hidden_size": 256, "batch_size": 64, "dropout_rate": 0.2}, "time_since_restore": 148.25892186164856, "iterations_since_restore": 4}
