{"accuracy": 99.63882618510158, "time_this_iter_s": 105.4595091342926, "done": false, "training_iteration": 1, "trial_id": "cf8c2_00048", "date": "2023-08-17_14-59-34", "timestamp": 1692284374, "time_total_s": 105.4595091342926, "pid": 33065, "hostname": "8df20753f71c", "node_ip": "172.28.0.12", "config": {"layers": 6, "heads": 2, "hidden_size": 512, "batch_size": 64, "dropout_rate": 0.1}, "time_since_restore": 105.4595091342926, "iterations_since_restore": 1}
{"accuracy": 99.9548532731377, "time_this_iter_s": 97.65462589263916, "done": false, "training_iteration": 2, "trial_id": "cf8c2_00048", "date": "2023-08-17_15-01-11", "timestamp": 1692284471, "time_total_s": 203.11413502693176, "pid": 33065, "hostname": "8df20753f71c", "node_ip": "172.28.0.12", "config": {"layers": 6, "heads": 2, "hidden_size": 512, "batch_size": 64, "dropout_rate": 0.1}, "time_since_restore": 203.11413502693176, "iterations_since_restore": 2}
{"accuracy": 99.9548532731377, "time_this_iter_s": 98.1476719379425, "done": false, "training_iteration": 3, "trial_id": "cf8c2_00048", "date": "2023-08-17_15-02-50", "timestamp": 1692284570, "time_total_s": 301.26180696487427, "pid": 33065, "hostname": "8df20753f71c", "node_ip": "172.28.0.12", "config": {"layers": 6, "heads": 2, "hidden_size": 512, "batch_size": 64, "dropout_rate": 0.1}, "time_since_restore": 301.26180696487427, "iterations_since_restore": 3}
{"accuracy": 99.9548532731377, "time_this_iter_s": 98.22008275985718, "done": true, "training_iteration": 4, "trial_id": "cf8c2_00048", "date": "2023-08-17_15-04-28", "timestamp": 1692284668, "time_total_s": 399.48188972473145, "pid": 33065, "hostname": "8df20753f71c", "node_ip": "172.28.0.12", "config": {"layers": 6, "heads": 2, "hidden_size": 512, "batch_size": 64, "dropout_rate": 0.1}, "time_since_restore": 399.48188972473145, "iterations_since_restore": 4}
