{"accuracy": 99.68397291196388, "time_this_iter_s": 75.47920036315918, "done": false, "training_iteration": 1, "trial_id": "cf8c2_00073", "date": "2023-08-17_15-54-42", "timestamp": 1692287682, "time_total_s": 75.47920036315918, "pid": 49047, "hostname": "8df20753f71c", "node_ip": "172.28.0.12", "config": {"layers": 6, "heads": 4, "hidden_size": 256, "batch_size": 32, "dropout_rate": 0.4}, "time_since_restore": 75.47920036315918, "iterations_since_restore": 1}
{"accuracy": 100.0, "time_this_iter_s": 68.1571056842804, "done": false, "training_iteration": 2, "trial_id": "cf8c2_00073", "date": "2023-08-17_15-55-50", "timestamp": 1692287750, "time_total_s": 143.63630604743958, "pid": 49047, "hostname": "8df20753f71c", "node_ip": "172.28.0.12", "config": {"layers": 6, "heads": 4, "hidden_size": 256, "batch_size": 32, "dropout_rate": 0.4}, "time_since_restore": 143.63630604743958, "iterations_since_restore": 2}
