{"accuracy": 99.72911963882618, "time_this_iter_s": 106.18168210983276, "done": false, "training_iteration": 1, "trial_id": "cf8c2_00102", "date": "2023-08-17_17-04-33", "timestamp": 1692291873, "time_total_s": 106.18168210983276, "pid": 69483, "hostname": "8df20753f71c", "node_ip": "172.28.0.12", "config": {"layers": 6, "heads": 2, "hidden_size": 512, "batch_size": 96, "dropout_rate": 0.2}, "time_since_restore": 106.18168210983276, "iterations_since_restore": 1}
{"accuracy": 99.9548532731377, "time_this_iter_s": 97.85873532295227, "done": false, "training_iteration": 2, "trial_id": "cf8c2_00102", "date": "2023-08-17_17-06-10", "timestamp": 1692291970, "time_total_s": 204.04041743278503, "pid": 69483, "hostname": "8df20753f71c", "node_ip": "172.28.0.12", "config": {"layers": 6, "heads": 2, "hidden_size": 512, "batch_size": 96, "dropout_rate": 0.2}, "time_since_restore": 204.04041743278503, "iterations_since_restore": 2}
{"accuracy": 99.86455981941309, "time_this_iter_s": 98.25276470184326, "done": false, "training_iteration": 3, "trial_id": "cf8c2_00102", "date": "2023-08-17_17-07-49", "timestamp": 1692292069, "time_total_s": 302.2931821346283, "pid": 69483, "hostname": "8df20753f71c", "node_ip": "172.28.0.12", "config": {"layers": 6, "heads": 2, "hidden_size": 512, "batch_size": 96, "dropout_rate": 0.2}, "time_since_restore": 302.2931821346283, "iterations_since_restore": 3}
{"accuracy": 100.0, "time_this_iter_s": 97.65825128555298, "done": true, "training_iteration": 4, "trial_id": "cf8c2_00102", "date": "2023-08-17_17-09-26", "timestamp": 1692292166, "time_total_s": 399.9514334201813, "pid": 69483, "hostname": "8df20753f71c", "node_ip": "172.28.0.12", "config": {"layers": 6, "heads": 2, "hidden_size": 512, "batch_size": 96, "dropout_rate": 0.2}, "time_since_restore": 399.9514334201813, "iterations_since_restore": 4}
