{"accuracy": 99.68397291196388, "time_this_iter_s": 111.01397228240967, "done": false, "training_iteration": 1, "trial_id": "cf8c2_00044", "date": "2023-08-17_14-52-30", "timestamp": 1692283950, "time_total_s": 111.01397228240967, "pid": 30985, "hostname": "8df20753f71c", "node_ip": "172.28.0.12", "config": {"layers": 4, "heads": 8, "hidden_size": 768, "batch_size": 64, "dropout_rate": 0.2}, "time_since_restore": 111.01397228240967, "iterations_since_restore": 1}
{"accuracy": 99.50338600451467, "time_this_iter_s": 105.0923171043396, "done": true, "training_iteration": 2, "trial_id": "cf8c2_00044", "date": "2023-08-17_14-54-15", "timestamp": 1692284055, "time_total_s": 216.10628938674927, "pid": 30985, "hostname": "8df20753f71c", "node_ip": "172.28.0.12", "config": {"layers": 4, "heads": 8, "hidden_size": 768, "batch_size": 64, "dropout_rate": 0.2}, "time_since_restore": 216.10628938674927, "iterations_since_restore": 2}
